施設種別,建物名,住所,想定収容人数,MHトイレ基数,lng,lat
指定避難所兼指定緊急避難場所,宮崎市立宮崎小学校,宮崎市旭1-4-1,448,0,131.425791,31.909459
指定緊急避難場所（津波避難ビル）,宮崎地方裁判所（南棟）,宮崎市旭2-3-13,141,0,131.428147,31.909808
指定避難所兼指定緊急避難場所,日本郵便株式会社宮崎中央郵便局,宮崎市高千穂通1-1-34,100,0,131.42573,31.916892
指定避難所兼指定緊急避難場所,宮崎市役所（会議室棟）,宮崎市橘通西1-1-1,87,0,131.41869,31.908645
指定避難所兼指定緊急避難場所,宮崎市立江平小学校,宮崎市橘通西5-6-37,448,0,131.423991,31.923787
指定避難所兼指定緊急避難場所,宮崎市立宮崎東中学校,宮崎市江平東2-7-9,616,7,131.428721,31.930718
指定避難所兼指定緊急避難場所,宮崎市男女共同参画センター,宮崎市宮崎駅東3-6-7,151,0,131.435266,31.919757
指定避難所兼指定緊急避難場所,九州森林管理局宮崎森林管理署,宮崎市柳丸町388-5,39,0,131.432256,31.924271
指定避難所兼指定緊急避難場所,宮崎市宮崎東地区交流センター,宮崎市下原町332-5,335,0,131.432167,31.923569
指定避難所兼指定緊急避難場所,学校法人日向学院,宮崎市大和町110,2108,0,131.436641,31.917928
指定避難所兼指定緊急避難場所,宮崎県体育館,宮崎市宮崎駅東2-4-1,1744,0,131.434717,31.917371
指定避難所兼指定緊急避難場所,宮崎県医師会館,宮崎市和知川原1-101,131,0,131.414208,31.925182
指定避難所兼指定緊急避難場所,宮崎県立宮崎商業高等学校,宮崎市和知川原3-24,690,0,131.40822,31.923963
指定避難所兼指定緊急避難場所,宮崎市立西池小学校,宮崎市西池町12-49,455,0,131.419899,31.923223
指定避難所兼指定緊急避難場所,宮崎市立宮崎西中学校,宮崎市原町1-4,521,0,131.422704,31.92258
指定避難所兼指定緊急避難場所,宮崎県福祉総合センター,宮崎市原町2-22,309,0,131.421848,31.922838
指定避難所兼指定緊急避難場所,宮崎大学教育学部附属小学校,宮崎市花殿町7-49,432,0,131.416749,31.92483
指定避難所兼指定緊急避難場所,宮崎大学教育学部附属中学校,宮崎市花殿町7-67,624,0,131.417931,31.924874
指定避難所兼指定緊急避難場所,宮崎公立大学（体育館）,宮崎市船塚1-1-2(体育館：船塚2-184),924,10,131.418328,31.926253
指定避難所兼指定緊急避難場所,南九州大学・南九州短期大学,宮崎市霧島5-1-2,1126,0,131.41563,31.93662
指定避難所兼指定緊急避難場所,宮崎市旧中部事務所,宮崎市祇園2-135,61,0,131.410882,31.932539
指定避難所,宮崎市立小戸保育所,宮崎市鶴島3-93,60,0,131.408699,31.913088
指定避難所兼指定緊急避難場所,宮崎市立小戸小学校,宮崎市大工1-5-43,598,6,131.414401,31.917435
指定避難所兼指定緊急避難場所,国土交通省宮崎河川国道事務所,宮崎市大工2-39,80,0,131.410343,31.916156
指定避難所兼指定緊急避難場所,南方保育園,宮崎市南方町御供田1191,80,0,131.418915,31.961322
指定避難所兼指定緊急避難場所,平和が丘自治公民館,宮崎市平和が丘西町15-1,84,0,131.414253,31.957349
指定避難所兼指定緊急避難場所,宮崎市平和が丘児童センター,宮崎市池内町陣ノ平594-5,93,0,131.416117,31.953895
指定避難所兼指定緊急避難場所,宮崎市立池内小学校,宮崎市池内町榎迫508,341,0,131.417022,31.956112
指定避難所兼指定緊急避難場所,宮崎市立大宮小学校,宮崎市下北方町新地849,564,0,131.427679,31.943682
指定避難所兼指定緊急避難場所,宮崎市立大宮中学校,宮崎市下北方町5945,603,7,131.418955,31.942243
指定避難所兼指定緊急避難場所,宮崎市大宮公民館,宮崎市下北方町下郷6101,280,0,131.417597,31.945126
指定避難所兼指定緊急避難場所,宮崎市北部老人福祉センター,宮崎市神宮東1-2-27,418,0,131.426046,31.932151
指定避難所兼指定緊急避難場所,宮崎市青少年プラザ体育館,宮崎市神宮東1-2-27,727,0,131.426267,31.932208
指定避難所兼指定緊急避難場所,宮崎県立宮崎大宮高等学校,宮崎市神宮東1-3-10,1538,0,131.425314,31.932891
指定避難所兼指定緊急避難場所,宮崎市立東大宮小学校,宮崎市大島町西田2143,457,5,131.435568,31.943853
指定避難所兼指定緊急避難場所,宮崎市立東大宮中学校,宮崎市村角町島ノ前1346-1,521,0,131.441738,31.950714
指定避難所兼指定緊急避難場所,宮崎市東大宮地区コミュニティーセンター,宮崎市村角町島ノ前1346-1,290,0,131.441702,31.948704
指定避難所兼指定緊急避難場所,光明保育園,宮崎市村角町阿波2525,150,0,131.449424,31.952981
指定避難所兼指定緊急避難場所,村角町公民館,宮崎市村角町阿波2535,125,0,131.448774,31.953038
指定避難所兼指定緊急避難場所,宮崎市立宮崎東小学校,宮崎市阿波岐原町火切塚1461,339,0,131.451379,31.942706
指定避難所兼指定緊急避難場所,宮崎市中央公民館,宮崎市宮崎駅東1-2-7,310,0,131.435307,31.914128
指定避難所兼指定緊急避難場所,宮崎市総合体育館,宮崎市宮崎駅東1-2-7,5032,51,131.435313,31.91461
指定避難所兼指定緊急避難場所,宮崎学園中学校・高等学校,宮崎市昭和町3,1486,0,131.435418,31.911278
指定避難所兼指定緊急避難場所,宮崎市立宮崎中学校,宮崎市永楽町43,592,6,131.433781,31.907405
指定避難所兼指定緊急避難場所,宮崎市立潮見小学校,宮崎市潮見町118,636,0,131.43947,31.904789
指定避難所兼指定緊急避難場所,宮崎県立宮崎海洋高等学校,宮崎市日ノ出町1,713,0,131.452324,31.904955
指定避難所兼指定緊急避難場所,宮崎市立檍北小学校,宮崎市阿波岐原町坂元1985,366,0,131.452735,31.931171
指定避難所兼指定緊急避難場所,特別養護老人ホーム皇寿園,宮崎市阿波岐原町前浜4276-650,30,0,131.462633,31.939547
指定避難所兼指定緊急避難場所,新別府町自治公民館,宮崎市新別府町麓418,88,0,131.449803,31.923924
指定避難所兼指定緊急避難場所,宮崎市立檍中学校,宮崎市吉村町江田原甲265,516,6,131.445692,31.926102
指定避難所兼指定緊急避難場所,宮崎市檍公民館,宮崎市吉村町江田原甲265-1,280,0,131.444897,31.925559
指定避難所兼指定緊急避難場所,宮崎市立檍小学校,宮崎市吉村町冬治867,448,0,131.444736,31.921808
指定避難所兼指定緊急避難場所,宮崎市檍児童センター,宮崎市吉村町平塚甲1797,140,0,131.441552,31.917196
指定避難所兼指定緊急避難場所,宮崎市宮崎地区交流センター,宮崎市吉村町ハシテ甲2386-139,390,0,131.442903,31.908864
指定避難所兼指定緊急避難場所,宮崎市立宮崎港小学校,宮崎市吉村町南浜田甲4261,427,0,131.451166,31.910457
指定避難所兼指定緊急避難場所,宮崎市立大淀小学校,宮崎市淀川2-3-7,455,0,131.416414,31.903322
指定避難所兼指定緊急避難場所,宮崎市立大淀中学校,宮崎市天満1-2-6,640,7,131.414408,31.901458
指定避難所兼指定緊急避難場所,宮崎県立宮崎工業高等学校,宮崎市天満町9-1,727,0,131.412836,31.899923
指定避難所兼指定緊急避難場所,宮崎市大淀公民館,宮崎市京塚2-1-18,280,0,131.411322,31.898248
指定避難所兼指定緊急避難場所,宮崎市総合福祉保健センター,宮崎市花山手東3-25-2,152,0,131.40048,31.89931
指定避難所兼指定緊急避難場所,宮崎市立古城小学校,宮崎市古城町山ノ城5735,257,0,131.387968,31.893431
指定避難所兼指定緊急避難場所,源藤自治公民館,宮崎市源藤町堤下514-3,31,0,131.414938,31.885545
指定避難所兼指定緊急避難場所,宮崎市立宮崎南小学校,宮崎市源藤町池ノ内702,455,0,131.413016,31.882608
指定避難所兼指定緊急避難場所,栄進・進学教室大淀校,宮崎市太田4-4-25,60,0,131.420688,31.897658
指定避難所兼指定緊急避難場所,宮崎看護専門学校体育館,宮崎市大坪西1-2-3,100,0,131.40442,31.896383
指定避難所兼指定緊急避難場所,大塚町中区自治公民館,宮崎市大塚町樋ノ口1992-1,150,0,131.398157,31.91897
指定避難所兼指定緊急避難場所,多宝寺,宮崎市大塚町六ツ合686,20,0,131.400625,31.924888
指定避難所兼指定緊急避難場所,宮崎市立大塚中学校,宮崎市大塚町鎌ケ迫2296,524,6,131.389476,31.919887
指定避難所兼指定緊急避難場所,宮崎市大塚公民館,宮崎市大塚町鎌ケ迫2296-3,290,0,131.389642,31.918791
指定避難所兼指定緊急避難場所,宮崎市立大塚小学校,宮崎市大塚町鎌ケ迫2296-2,440,0,131.389219,31.917796
指定避難所兼指定緊急避難場所,宮崎県立宮崎西高等学校,宮崎市大塚町柳ケ迫3975-2,658,0,131.386457,31.907968
指定避難所兼指定緊急避難場所,宮崎市立江南小学校,宮崎市江南4-26-1,450,0,131.39499,31.903901
指定避難所兼指定緊急避難場所,宮崎市立宮崎西小学校,宮崎市大塚台西2-19-1,582,6,131.384387,31.91494
指定避難所兼指定緊急避難場所,大塚台西３丁目地区コミュニティーセンター,宮崎市大塚台西3-15-18,60,0,131.382667,31.908654
指定避難所兼指定緊急避難場所,宮崎市大塚台児童センター,宮崎市大塚台西3-22-3,90,0,131.38283,31.910757
指定避難所兼指定緊急避難場所,宮崎市立生目台中学校,宮崎市生目台東4-1-1,528,6,131.379801,31.904323
指定避難所兼指定緊急避難場所,宮崎市立生目台東小学校,宮崎市生目台東4-2-1,567,0,131.378036,31.903101
指定避難所兼指定緊急避難場所,宮崎市立生目台西小学校,宮崎市生目台西2-1-1,573,0,131.372318,31.904488
指定避難所兼指定緊急避難場所,宮崎市立小松台小学校,宮崎市小松台西1-10-9,539,6,131.393824,31.932957
指定避難所兼指定緊急避難場所,桜ヶ丘集会所,宮崎市桜ヶ丘町24-22,100,0,131.399838,31.930248
指定避難所兼指定緊急避難場所,宮崎市立赤江小学校,宮崎市大字恒久556,451,5,131.429934,31.888394
指定避難所兼指定緊急避難場所,宮崎県立宮崎農業高等学校,宮崎市大字恒久春日田1061,748,0,131.42423,31.885907
指定避難所兼指定緊急避難場所,吉永センター,宮崎市大字恒久字吉永1287-3,32,0,131.418781,31.886797
指定避難所兼指定緊急避難場所,大淀学園鵬翔高等学校,宮崎市大字恒久4336,1125,0,131.417196,31.891235
指定避難所兼指定緊急避難場所,宮崎市南部老人福祉センター,宮崎市大字恒久5124,100,0,131.411201,31.888393
指定避難所兼指定緊急避難場所,宮崎市障がい者体育センター,宮崎市大字恒久字西原5132,494,0,131.411732,31.888659
指定避難所兼指定緊急避難場所,宮崎市立恒久小学校,宮崎市恒久2-15-4,454,5,131.42667,31.895215
指定避難所兼指定緊急避難場所,下城ヶ崎自治公民館,宮崎市恒久3-20-13,50,0,131.431021,31.893291
指定避難所兼指定緊急避難場所,宮崎市赤江東地区交流センター,宮崎市恒久6-11-4,300,0,131.440001,31.889904
指定避難所兼指定緊急避難場所,宮崎市南部記念体育館,宮崎市恒久2-1-5,1209,0,131.425257,31.893393
指定避難所兼指定緊急避難場所,宮崎市立共同利用施設南赤江センター,宮崎市大字田吉字赤江278-2,50,0,131.429904,31.879932
指定避難所兼指定緊急避難場所,宮崎市立赤江東中学校,宮崎市大字田吉1031,528,6,131.432673,31.888101
指定避難所兼指定緊急避難場所,田吉自治公民館,宮崎市大字田吉字田吉1364-1,37,0,131.436708,31.887423
指定避難所兼指定緊急避難場所,浜畑自治公民館,宮崎市大字田吉字木寅4370-1,29,0,131.443306,31.869893
指定避難所兼指定緊急避難場所,赤江地域センター,宮崎市大字田吉字肥屋田5730-3,82,0,131.428284,31.885033
指定避難所兼指定緊急避難場所,宮崎航空大学校,宮崎市赤江飛江田652-2,500,0,131.441788,31.879999
指定避難所兼指定緊急避難場所,宮崎市立共同利用施設空港南センター,宮崎市大字赤江字飛江田79-1,31,0,131.434629,31.869271
指定避難所兼指定緊急避難場所,宮崎市緑松体育館,宮崎市大字赤江字飛江田980,402,0,131.450509,31.879603
指定避難所兼指定緊急避難場所,宮崎市立赤江中学校,宮崎市月見ヶ丘1-25-1,494,5,131.424956,31.880761
指定避難所兼指定緊急避難場所,宮崎市赤江公民館,宮崎市月見ヶ丘2-44-5,310,0,131.424306,31.879142
指定避難所兼指定緊急避難場所,宮崎市立共同利用施設月見ヶ丘六次センター,宮崎市月見ヶ丘3-17-1,34,0,131.419468,31.874563
指定避難所兼指定緊急避難場所,宮崎市立共同利用施設月見ヶ丘センター,宮崎市月見ヶ丘4-23-13,156,0,131.419094,31.8772
指定避難所兼指定緊急避難場所,宮崎県立宮崎南高等学校,宮崎市月見ヶ丘5-2-1,1067,0,131.4191,31.884488
指定避難所兼指定緊急避難場所,特別養護老人ホーム ヴィラ・サザン,宮崎市大字本郷北方2717-15,101,0,131.409411,31.874701
指定避難所兼指定緊急避難場所,山崎台センター,宮崎市大字本郷北方字乙戸3406-79,29,0,131.425164,31.868594
指定避難所兼指定緊急避難場所,宮崎市立本郷小学校,宮崎市大字本郷北方3926,451,0,131.4241,31.863432
指定避難所兼指定緊急避難場所,宮崎市立共同利用施設津和田センター,宮崎市大字本郷北方字大丸36-1,45,0,131.430639,31.873182
指定避難所兼指定緊急避難場所,城ノ下・池田自治公民館,宮崎市大字本郷北方字池田4485-12,46,0,131.431252,31.869666
指定避難所兼指定緊急避難場所,宮崎市赤江老人福祉センター,宮崎市大字本郷南方2487-4,60,0,131.433426,31.854035
指定避難所兼指定緊急避難場所,宮崎市本郷公民館,宮崎市大字本郷南方2793,290,0,131.431084,31.859378
指定避難所兼指定緊急避難場所,宮崎市立本郷中学校,宮崎市大字本郷南方5460,541,0,131.424279,31.862639
指定避難所兼指定緊急避難場所,宮崎県消防学校,宮崎市大字郡司分甲210,666,0,131.434721,31.849489
指定避難所兼指定緊急避難場所,宮崎第一中学高等学校,宮崎市大字郡司分甲767,1646,0,131.424144,31.849142
指定避難所兼指定緊急避難場所,宮崎市立国富小学校,宮崎市大字郡司分甲2226,339,0,131.433407,31.857383
指定避難所兼指定緊急避難場所,西山崎センター,宮崎市大字郡司分字中ノ迫丙9568-1,34,0,131.417974,31.866485
指定避難所兼指定緊急避難場所,宮崎県立看護大学,宮崎市まなび野3-5-1,574,0,131.414743,31.859307
指定避難所兼指定緊急避難場所,希望ヶ丘自治公民館,宮崎市希望ヶ丘3-11-5,50,0,131.42422,31.857973
指定避難所兼指定緊急避難場所,宮崎市木花公民館,宮崎市大字熊野591,280,0,131.436421,31.829098
指定避難所兼指定緊急避難場所,宮崎市立木花小学校,宮崎市大字熊野10956,257,0,131.43454,31.832189
指定避難所兼指定緊急避難場所,宮崎市自然休養村センター,宮崎市大字加江田6896,28,0,131.448714,31.805368
指定避難所兼指定緊急避難場所,宮崎大学,宮崎市学園木花台西1-1,1397,0,131.412556,31.831003
指定避難所兼指定緊急避難場所,宮崎市立木花中学校,宮崎市学園木花台南1-1,528,6,131.42696,31.831124
指定避難所兼指定緊急避難場所,宮崎市立学園木花台小学校,宮崎市学園木花台南2-13,496,0,131.423714,31.825805
指定避難所兼指定緊急避難場所,宮崎県総合運動公園,宮崎市大字熊野2206-1,1160,0,131.448072,31.824936
指定避難所兼指定緊急避難場所,宮崎県青島青少年自然の家,宮崎市大字熊野字藤兵衛中洲,498,0,131.449613,31.819646
指定避難所兼指定緊急避難場所,宮崎市青島浄化センター２階,宮崎市青島西2-15-1,50,0,131.466719,31.798828
指定避難所兼指定緊急避難場所,宮崎市立青島中学校,宮崎市大字折生迫4828,442,5,131.469174,31.786516
指定避難所兼指定緊急避難場所,宮崎市立内海小学校,宮崎市大字内海1024,241,0,131.472144,31.759753
指定避難所兼指定緊急避難場所,青水自治公民館,宮崎市芳士字金田田286-2,100,0,131.434324,31.965865
指定避難所兼指定緊急避難場所,宮崎市立住吉南小学校,宮崎市大字芳士1811,482,0,131.44737,31.965953
指定避難所兼指定緊急避難場所,宮崎県立宮崎北高等学校,宮崎市大字新名爪4567,654,0,131.434942,31.97045
指定避難所兼指定緊急避難場所,宮崎県立明星視覚支援学校,宮崎市大字島之内1390,300,0,131.459376,31.997376
指定避難所兼指定緊急避難場所,宮崎市立住吉小学校,宮崎市大字島之内5383,455,0,131.440603,31.984748
指定避難所兼指定緊急避難場所,宮崎日本大学中学校・高等学校,宮崎市大字島之内6822-2,2185,0,131.446432,31.984176
指定避難所兼指定緊急避難場所,宮崎市住吉公民館,宮崎市宮崎市島之内7410-1,270,0,131.450343,31.982207
指定避難所兼指定緊急避難場所,宮崎市立住吉中学校,宮崎市大字島之内7608,665,7,131.450604,31.9892
指定避難所兼指定緊急避難場所,宮崎市住吉児童センター,宮崎市大字島之内7082-2,90,0,131.451266,31.988302
指定避難所兼指定緊急避難場所,日章学園高等学校,宮崎市大字広原836,1077,0,131.440667,32.002067
指定避難所兼指定緊急避難場所,宮崎市広原体育館,宮崎市大字広原1085-1,418,0,131.436774,32.000256
指定避難所兼指定緊急避難場所,北部営農研修センター,宮崎市大字塩路1341-3,115,0,131.469709,31.982228
指定避難所兼指定緊急避難場所,四本松営農研修センター,宮崎市大字島之内10107-67,70,0,131.46333,31.986189
指定避難所兼指定緊急避難場所,宮崎市立生目南中学校,宮崎市大字浮田662,667,0,131.374819,31.923114
指定避難所兼指定緊急避難場所,宮崎市生目南公民館,宮崎市浮田662-14,290,0,131.375778,31.922674
指定避難所兼指定緊急避難場所,宮崎市立生目小学校,宮崎市大字浮田2920,339,0,131.371689,31.93199
指定避難所兼指定緊急避難場所,宮崎市生目公民館,宮崎市宮崎市大字浮田3000,310,0,131.376227,31.929713
指定避難所兼指定緊急避難場所,有田ふれあい館,宮崎市大字有田1981,100,0,131.372044,31.95073
指定避難所兼指定緊急避難場所,跡江自治公民館,宮崎市大字跡江2203,185,0,131.39119,31.945064
指定避難所兼指定緊急避難場所,宮崎市立生目中学校,宮崎市大字跡江3131,607,7,131.38142,31.930541
指定避難所兼指定緊急避難場所,宮崎市生目の杜運動公園,宮崎市大字跡江4461-1,3481,0,131.373768,31.943524
指定避難所兼指定緊急避難場所,上野自治公民館,宮崎市大字瓜生野2570,148,0,131.387378,31.969217
指定避難所兼指定緊急避難場所,宮崎市立瓜生野小学校,宮崎市大字瓜生野2589,257,0,131.387606,31.970373
指定避難所兼指定緊急避難場所,宮崎市西部地区農村環境改善センター,宮崎市宮崎市大字瓜生野3909,380,0,131.382997,31.962675
指定避難所兼指定緊急避難場所,大淀川学習館,宮崎市下北方町5348-1,186,0,131.406484,31.948791
指定避難所兼指定緊急避難場所,宮崎市立宮崎北中学校,宮崎市大字大瀬町247,610,7,131.37774,31.962057
指定避難所兼指定緊急避難場所,柿木原自治公民館,宮崎市大瀬町馬場ヶ迫2056-5,200,0,131.376765,31.978729
指定避難所兼指定緊急避難場所,平松自治公民館,宮崎市大字大瀬町ヤゴロ迫5453-2,150,0,131.387813,31.977865
指定避難所兼指定緊急避難場所,宮崎市立倉岡小学校,宮崎市大字糸原538,257,0,131.367362,31.962068
指定避難所兼指定緊急避難場所,糸原自治公民館,宮崎市大字糸原2552-1,200,0,131.360974,31.955786
指定避難所兼指定緊急避難場所,金崎コミュニティーセンター,宮崎市大字金崎582,200,0,131.356525,31.96893
指定避難所兼指定緊急避難場所,佐土原保健センター,宮崎市佐土原町下田島20660,69,0,131.474062,32.023703
指定避難所兼指定緊急避難場所,宮崎市立久峰中学校,宮崎市佐土原町下田島21341,500,0,131.468739,32.022493
指定避難所兼指定緊急避難場所,宮崎市佐土原総合文化センター,宮崎市佐土原町下田島20527-4,450,0,131.474181,32.023047
指定避難所兼指定緊急避難場所,宮崎市佐土原体育館,宮崎市佐土原町下田島20688-74,1202,13,131.47307,32.025312
指定避難所兼指定緊急避難場所,宮崎市佐土原武道館,宮崎市佐土原町下那珂12900-2,316,0,131.461809,32.020191
指定避難所兼指定緊急避難場所,宮崎市立広瀬西小学校,宮崎市佐土原町下那珂13384,480,0,131.456128,32.014408
指定避難所兼指定緊急避難場所,宮崎市立広瀬小学校,宮崎市佐土原町下田島20308-10,567,0,131.473303,32.016167
指定避難所兼指定緊急避難場所,宮崎市立広瀬中学校,宮崎市佐土原町下田島20305-12,616,7,131.474876,32.017395
指定避難所兼指定緊急避難場所,宮崎県立佐土原高等学校,宮崎市佐土原町下田島21567,872,0,131.46655,32.023143
指定避難所兼指定緊急避難場所,宮崎市立佐土原小学校,宮崎市佐土原町上田島1350-9,663,0,131.428881,32.048859
指定避難所兼指定緊急避難場所,宮崎市立佐土原中学校,宮崎市佐土原町上田島8476,523,0,131.422007,32.043401
指定避難所兼指定緊急避難場所,宮崎市佐土原西体育館,宮崎市佐土原町上田島8387-2,412,0,131.4243,32.042594
指定避難所兼指定緊急避難場所,那珂地区公民館,宮崎市佐土原町東上那珂14502,178,0,131.425823,32.027492
指定避難所兼指定緊急避難場所,黒田地区学習等供用施設,宮崎市佐土原町下那珂7982,32,0,131.444943,32.014015
指定避難所兼指定緊急避難場所,宮崎市立田野小学校,宮崎市田野町甲2856,345,4,131.30177,31.837328
指定避難所兼指定緊急避難場所,宮崎市田野西地区公民館,宮崎市田野町乙3533-1,55,0,131.277353,31.831113
指定避難所兼指定緊急避難場所,宮崎市立七野小学校,宮崎市田野町乙3521-2,201,0,131.27698,31.831193
指定避難所兼指定緊急避難場所,宮崎市立田野中学校,宮崎市田野町甲2826-3,636,0,131.300385,31.835905
指定避難所兼指定緊急避難場所,宮崎市田野体育館,宮崎市田野町乙10905-26,646,0,131.306569,31.845637
指定避難所兼指定緊急避難場所,宮崎市田野文化会館,宮崎市田野町甲2818,285,0,131.301208,31.839487
指定避難所兼指定緊急避難場所,共に学ぶ森管理棟,宮崎市高岡町紙屋9-1,30,0,131.206865,31.991758
指定避難所兼指定緊急避難場所,旧去川小学校,宮崎市高岡町内山3615-1,481,0,131.228389,31.915862
指定避難所兼指定緊急避難場所,宮崎市内山農村研修センター,宮崎市高岡町内山1072,172,0,131.277753,31.966095
指定避難所兼指定緊急避難場所,宮崎市立高岡小学校,宮崎市高岡町内山2900,436,0,131.297319,31.957704
指定避難所兼指定緊急避難場所,宮崎市高岡練士館道場,宮崎市高岡町内山2902,163,0,131.296799,31.957192
指定避難所兼指定緊急避難場所,宮崎市高岡地区農村環境改善センター,宮崎市高岡町内山2880-1,500,0,131.297911,31.956869
指定避難所兼指定緊急避難場所,宮崎市高岡総合支所庁舎,宮崎市高岡町内山2887,31,6,131.297154,31.956804
指定避難所兼指定緊急避難場所,宮崎市立高岡中学校,宮崎市高岡町内山2700,242,6,131.299975,31.962233
指定避難所兼指定緊急避難場所,宮崎市高岡福祉保健センター「穆園館」,宮崎市高岡町内山2877,229,0,131.29873,31.957544
指定避難所兼指定緊急避難場所,宮崎市天ヶ城公園体育館,宮崎市高岡町内山2007,836,0,131.290679,31.957956
指定避難所兼指定緊急避難場所,宮崎市東高岡体育館,宮崎市高岡町花見923,294,0,131.330632,31.944253
指定避難所兼指定緊急避難場所,宮崎市農業団地センター,宮崎市高岡町小山田69-2,303,0,131.329959,31.934208
指定避難所兼指定緊急避難場所,宮崎市穆佐小学校,宮崎市高岡町小山田87-1,321,0,131.32924,31.934154
指定避難所兼指定緊急避難場所,津屋原自治公民館,宮崎市恒久4-14-8,100,0,131.433813,31.894555
指定避難所兼指定緊急避難場所,宮崎市立清武小学校,宮崎市清武町今泉甲7023-1,541,0,131.38796,31.854527
指定避難所兼指定緊急避難場所,宮崎市立清武中学校,宮崎市清武町今泉甲6980,649,0,131.387687,31.853141
指定避難所兼指定緊急避難場所,宮崎市清武体育館,宮崎市清武町木原6652-2,1910,0,131.391339,31.854518
指定避難所兼指定緊急避難場所,JA南宮崎営農センター,宮崎市清武町加納字須木田885,200,0,131.40863,31.856754
指定避難所兼指定緊急避難場所,宮崎市立大久保小学校,宮崎市清武町今泉甲5645,507,0,131.362433,31.858177
指定避難所兼指定緊急避難場所,宮崎市清武地区交流センター,宮崎市清武町今泉甲2694-3,436,0,131.363943,31.85606
指定避難所兼指定緊急避難場所,宮崎市立加納小学校,宮崎市清武町加納甲1010,487,5,131.388735,31.869832
指定避難所兼指定緊急避難場所,宮崎市立加納中学校,宮崎市清武町加納乙1040,327,0,131.39648,31.878344
指定避難所兼指定緊急避難場所,宮崎市加納スポーツセンター,宮崎市清武町加納乙213-4,984,0,131.405838,31.880689
指定避難所兼指定緊急避難場所,宮崎市清武総合福祉センター,宮崎市清武町西新町8-6,88,0,131.389379,31.854042
指定避難所兼指定緊急避難場所,宮水流公民館,宮崎市高岡町下倉永577-1,54,0,131.341378,31.940243
指定避難所兼指定緊急避難場所,宮崎市立鏡洲小学校,宮崎市大字鏡洲2056,329,0,131.390115,31.821297
指定避難所兼指定緊急避難場所,宮崎市高岡交流プラザ,宮崎市高岡町浦之名4365-4,458,0,131.265314,31.951856
指定避難所兼指定緊急避難場所,宮崎市佐土原地区交流センター,宮崎市佐土原町上田島1389,388,0,131.427874,32.047096
指定緊急避難場所（地震発生時の一時避難場所）,江平小学校グラウンド,宮崎市橘通西5-6-37,3500,0,131.423424,31.92359
指定緊急避難場所（地震発生時の一時避難場所）,宮崎東中学校グラウンド,宮崎市江平東2-7-9,9293,0,131.428659,31.930696
指定緊急避難場所（地震発生時の一時避難場所）,下原街区公園,宮崎市下原町231-3,1100,0,131.433019,31.922167
指定緊急避難場所（地震発生時の一時避難場所）,日向学院グラウンド,宮崎市大和町110,11640,0,131.436646,31.917979
指定緊急避難場所（地震発生時の一時避難場所）,二葉街区公園,宮崎市清水1-114-1,2500,0,131.421888,31.91778
指定緊急避難場所（地震発生時の一時避難場所）,下原ふれあい広場,宮崎市下原町321,6400,0,131.431506,31.923354
指定緊急避難場所（地震発生時の一時避難場所）,祇園街区公園,宮崎市祗園4-7,2200,0,131.412318,31.938247
指定緊急避難場所（地震発生時の一時避難場所）,中鶴街区公園,宮崎市祗園3-22,6300,0,131.410861,31.933348
指定緊急避難場所（地震発生時の一時避難場所）,県総合文化公園,宮崎市船塚3,76035,0,131.418754,31.933932
指定緊急避難場所（地震発生時の一時避難場所）,霧島街区公園,宮崎市船塚1-81,7400,0,131.41654,31.927243
指定緊急避難場所（地震発生時の一時避難場所）,宮崎商業高校グラウンド,宮崎市和知川原3-24,20098,0,131.408237,31.923939
指定緊急避難場所（地震発生時の一時避難場所）,和知川原街区公園,宮崎市和知川原2-44,1000,0,131.412354,31.923252
指定緊急避難場所（地震発生時の一時避難場所）,宮大附属小学校グラウンド,宮崎市花殿町7-49,6969,0,131.416749,31.92483
指定緊急避難場所（地震発生時の一時避難場所）,宮大附属中学校グラウンド,宮崎市花殿町7-67,11999,0,131.417931,31.924879
指定緊急避難場所（地震発生時の一時避難場所）,西池小学校グラウンド,宮崎市西池町12-49,7489,0,131.419857,31.923271
指定緊急避難場所（地震発生時の一時避難場所）,宮崎西中学校グラウンド,宮崎市原町1-4,12377,0,131.422463,31.922605
指定緊急避難場所（地震発生時の一時避難場所）,宮崎公立大学グラウンド,宮崎市船塚1-1-2,37560,0,131.418349,31.926253
指定緊急避難場所（地震発生時の一時避難場所）,高千穂街区公園,宮崎市大橋1-103,700,0,131.414646,31.92022
指定緊急避難場所（地震発生時の一時避難場所）,小戸小学校グラウンド,宮崎市大工1-5-43,6180,0,131.414308,31.9174
指定緊急避難場所（地震発生時の一時避難場所）,平和が丘公園,宮崎市平和が丘西町20-6,11000,0,131.413561,31.957141
指定緊急避難場所（地震発生時の一時避難場所）,大宮小学校グラウンド,宮崎市下北方町新地849,9188,0,131.428599,31.943994
指定緊急避難場所（地震発生時の一時避難場所）,大宮中学校グラウンド,宮崎市下北方町5945,13058,0,131.419004,31.942242
指定緊急避難場所（地震発生時の一時避難場所）,矢の先街区公園,宮崎市神宮西2-252,1300,0,131.418551,31.939383
指定緊急避難場所（地震発生時の一時避難場所）,宮崎神宮東・西神苑,宮崎市神宮2,14384,0,131.423518,31.938351
指定緊急避難場所（地震発生時の一時避難場所）,宮崎大宮高校グラウンド,宮崎市神宮東1-3-10,10000,0,131.425287,31.932879
指定緊急避難場所（地震発生時の一時避難場所）,池内小学校グラウンド,宮崎市池内町榎迫508,7770,0,131.416904,31.955974
指定緊急避難場所（地震発生時の一時避難場所）,東町街区公園,宮崎市平和が丘東町5-1,33000,0,131.415047,31.957009
指定緊急避難場所（地震発生時の一時避難場所）,花ケ崎街区公園,宮崎市東大宮3-1573-9,1000,0,131.440014,31.947263
指定緊急避難場所（地震発生時の一時避難場所）,雁ケ音街区公園,宮崎市東大宮4-2177-101,1800,0,131.43895,31.946012
指定緊急避難場所（地震発生時の一時避難場所）,東大宮小学校グラウンド,宮崎市大島町西田2143,14537,0,131.435332,31.943882
指定緊急避難場所（地震発生時の一時避難場所）,東大宮中学校グラウンド,宮崎市村角町島ﾉ前1346-1,12907,0,131.441576,31.950663
指定緊急避難場所（地震発生時の一時避難場所）,宮崎育成牧場,宮崎市花ヶ島町大原2347,171588,0,131.431271,31.937283
指定緊急避難場所（地震発生時の一時避難場所）,宮崎東小学校グラウンド,宮崎市阿波岐原町火切塚1461,6553,0,131.451465,31.942672
指定緊急避難場所（地震発生時の一時避難場所）,平原公園,宮崎市大島町四反田623-2,11000,0,131.442803,31.938145
指定緊急避難場所（地震発生時の一時避難場所）,檍中学校グラウンド,宮崎市吉村町江田原甲265,12595,0,131.445462,31.925843
指定緊急避難場所（地震発生時の一時避難場所）,宮崎中央公園,宮崎市宮崎駅東1-2-1,51000,0,131.433451,31.913619
指定緊急避難場所（地震発生時の一時避難場所）,国際海浜エントランスプラザ,宮崎市山崎町浜山414-1,9074,0,131.464807,31.951037
指定緊急避難場所（地震発生時の一時避難場所）,江田原ふれあい広場,宮崎市吉村町江田原甲269-1,13000,0,131.445065,31.930696
指定緊急避難場所（地震発生時の一時避難場所）,天神山公園,宮崎市天満町227,81000,0,131.410469,31.902935
指定緊急避難場所（地震発生時の一時避難場所）,宮崎工業高校グラウンド,宮崎市天満町9-1,20663,0,131.412831,31.89991
指定緊急避難場所（地震発生時の一時避難場所）,大淀中学校グラウンド,宮崎市天満1-2-6,14765,0,131.414531,31.901438
指定緊急避難場所（地震発生時の一時避難場所）,宮崎南小学校グラウンド,宮崎市源藤町池ﾉ内702,13996,0,131.413015,31.882596
指定緊急避難場所（地震発生時の一時避難場所）,大坪池公園,宮崎市花山手東3,12000,0,131.400811,31.899212
指定緊急避難場所（地震発生時の一時避難場所）,古城小学校グラウンド,宮崎市古城町山ﾉ城5735,9317,0,131.388132,31.893348
指定緊急避難場所（地震発生時の一時避難場所）,大淀街区公園,宮崎市淀川3-42,1000,0,131.41537,31.899427
指定緊急避難場所（地震発生時の一時避難場所）,上恒久1号街区公園,宮崎市薫る坂1-6686-24,2800,0,131.398483,31.893154
指定緊急避難場所（地震発生時の一時避難場所）,上恒久2号街区公園,宮崎市薫る坂2-6335-54,2200,0,131.400442,31.889815
指定緊急避難場所（地震発生時の一時避難場所）,上恒久3号街区公園,宮崎市薫る坂2-6143-51,1300,0,131.402518,31.890348
指定緊急避難場所（地震発生時の一時避難場所）,大坪１号街区公園,宮崎市花山手東1,2400,0,131.406253,31.903617
指定緊急避難場所（地震発生時の一時避難場所）,大坪２号街区公園,宮崎市花山手東2,4000,0,131.395081,31.900099
指定緊急避難場所（地震発生時の一時避難場所）,大坪３号街区公園,宮崎市花山手西1,2500,0,131.397592,31.902445
指定緊急避難場所（地震発生時の一時避難場所）,大坪４号街区公園,宮崎市花山手西2,3100,0,131.402777,31.902935
指定緊急避難場所（地震発生時の一時避難場所）,愛宕山公園,宮崎市大坪町梁田2666,31600,0,131.406806,31.906334
指定緊急避難場所（地震発生時の一時避難場所）,大塚中学校グラウンド,宮崎市大塚町鎌ｹ迫2296,21724,0,131.389536,31.919913
指定緊急避難場所（地震発生時の一時避難場所）,大塚小学校グラウンド,宮崎市大塚町鎌ｹ迫2296-2,11335,0,131.389354,31.917846
指定緊急避難場所（地震発生時の一時避難場所）,宮崎西高校グラウンド,宮崎市大塚町柳ｹ迫3975-2,57538,0,131.386457,31.907986
指定緊急避難場所（地震発生時の一時避難場所）,江南小学校グラウンド,宮崎市江南4-26-1,12015,0,131.394935,31.9039
指定緊急避難場所（地震発生時の一時避難場所）,大淀台街区公園,宮崎市江南3-241,4100,0,131.400179,31.909319
指定緊急避難場所（地震発生時の一時避難場所）,小原田ふれあい広場,宮崎市大塚町小原田2146-2,1500,0,131.393957,31.918833
指定緊急避難場所（地震発生時の一時避難場所）,宮崎西小学校グラウンド,宮崎市大塚台西2-19-1,12893,0,131.384268,31.914984
指定緊急避難場所（地震発生時の一時避難場所）,大塚台公園,宮崎市大塚台東2-3-1,70000,0,131.386114,31.914622
指定緊急避難場所（地震発生時の一時避難場所）,大塚台３号街区公園,宮崎市大塚台西2-14-1,1800,0,131.383076,31.91615
指定緊急避難場所（地震発生時の一時避難場所）,生目台公園,宮崎市生目台東4-8-1,11000,0,131.374303,31.906054
指定緊急避難場所（地震発生時の一時避難場所）,生目台緑地,宮崎市生目台西5-24-1,270600,0,131.371051,31.901293
指定緊急避難場所（地震発生時の一時避難場所）,生目台東小学校グラウンド,宮崎市生目台東4-2-1,10415,0,131.378675,31.903394
指定緊急避難場所（地震発生時の一時避難場所）,生目台西小学校グラウンド,宮崎市生目台西2-1-1,10223,0,131.372276,31.904638
指定緊急避難場所（地震発生時の一時避難場所）,生目台中学校グラウンド,宮崎市生目台東4-1-1,16404,0,131.379903,31.904102
指定緊急避難場所（地震発生時の一時避難場所）,小松台小学校グラウンド,宮崎市小松台西1-10-9,10035,0,131.39404,31.93317
指定緊急避難場所（地震発生時の一時避難場所）,小松台公園,宮崎市小松台西2-11-1,11000,0,131.392551,31.930991
指定緊急避難場所（地震発生時の一時避難場所）,小松台南街区公園,宮崎市大塚町池ﾉ内1099-63,2000,0,131.391738,31.9275
指定緊急避難場所（地震発生時の一時避難場所）,宮園前街区公園,宮崎市恒久1-4-1,2300,0,131.425101,31.896394
指定緊急避難場所（地震発生時の一時避難場所）,恒久小学校グラウンド,宮崎市恒久2-15-4,10340,0,131.426441,31.895217
指定緊急避難場所（地震発生時の一時避難場所）,鵬翔高校グラウンド,宮崎市大字恒久4336,1633,0,131.417196,31.891235
指定緊急避難場所（地震発生時の一時避難場所）,宮崎南高校グラウンド,宮崎市月見ヶ丘5-2-1,25204,0,131.419107,31.884507
指定緊急避難場所（地震発生時の一時避難場所）,宮崎農業高校グラウンド,宮崎市大字恒久春日田1061,18472,0,131.42423,31.885911
指定緊急避難場所（地震発生時の一時避難場所）,赤江中学校グラウンド,宮崎市月見ヶ丘1-25-1,18271,0,131.424931,31.880749
指定緊急避難場所（地震発生時の一時避難場所）,本郷小学校グラウンド,宮崎市大字本郷北方3926,8759,0,131.424193,31.863461
指定緊急避難場所（地震発生時の一時避難場所）,本郷中学校グラウンド,宮崎市大字本郷南方5460,15104,0,131.424064,31.86244
指定緊急避難場所（地震発生時の一時避難場所）,国富小学校グラウンド,宮崎市大字郡司分甲2226,10677,0,131.433402,31.857147
指定緊急避難場所（地震発生時の一時避難場所）,宮崎第一中学高校グラウンド,宮崎市大字郡司分甲767,20267,0,131.424136,31.84915
指定緊急避難場所（地震発生時の一時避難場所）,看護大学グラウンド,宮崎市まなび野3-5-1,5530,0,131.414729,31.859299
指定緊急避難場所（地震発生時の一時避難場所）,まなび野中央公園,宮崎市まなび野2,10000,0,131.418491,31.862083
指定緊急避難場所（地震発生時の一時避難場所）,郡司分公園,宮崎市郡司分平田迫甲902-2,24000,0,131.426332,31.849165
指定緊急避難場所（地震発生時の一時避難場所）,あさひヶ丘ニュータウン緑地広場,宮崎市本郷北方2485-8,2600,0,131.413424,31.876642
指定緊急避難場所（地震発生時の一時避難場所）,本郷北方街区公園,宮崎市本郷北方3406-4,3300,0,131.425512,31.870452
指定緊急避難場所（地震発生時の一時避難場所）,稲荷山公園,宮崎市月見ｹ丘1-13,12000,0,131.424771,31.883034
指定緊急避難場所（地震発生時の一時避難場所）,木花中学校グラウンド,宮崎市学園木花台南1-1,15417,0,131.426954,31.831116
指定緊急避難場所（地震発生時の一時避難場所）,学園木花台小学校グラウンド,宮崎市学園木花台南2-13,11938,0,131.423306,31.825881
指定緊急避難場所（地震発生時の一時避難場所）,宮崎大学陸上競技場,宮崎市学園木花台西1-1,49975,0,131.412556,31.831021
指定緊急避難場所（地震発生時の一時避難場所）,木花公園,宮崎市学園木花台南1-13,152000,0,131.428488,31.828807
指定緊急避難場所（地震発生時の一時避難場所）,青島歴史文化の広場,宮崎市青島西1-16-4,21800,0,131.462983,31.802635
指定緊急避難場所（地震発生時の一時避難場所）,城山公園,宮崎市折生迫6624-1,38800,0,131.476104,31.792685
指定緊急避難場所（地震発生時の一時避難場所）,住吉小学校グラウンド,宮崎市大字島之内5383,15465,0,131.440541,31.984737
指定緊急避難場所（地震発生時の一時避難場所）,住吉南小学校グラウンド,宮崎市大字芳士1811,13315,0,131.447468,31.966038
指定緊急避難場所（地震発生時の一時避難場所）,宮崎北高校グラウンド,宮崎市大字新名爪4567,31490,0,131.434933,31.970452
指定緊急避難場所（地震発生時の一時避難場所）,明星視覚支援学校グラウンド,宮崎市大字島之内1390,11505,0,131.459377,31.997377
指定緊急避難場所（地震発生時の一時避難場所）,日大中学高校グラウンド・第二グラウンド,宮崎市大字島之内6822-2,34547,0,131.446685,31.98607
指定緊急避難場所（地震発生時の一時避難場所）,住吉中学校グラウンド,宮崎市大字島之内7608,11744,0,131.449492,31.988885
指定緊急避難場所（地震発生時の一時避難場所）,日章学園高校グラウンド・第二グラウンド,宮崎市大字広原836,22528,0,131.438713,32.004646
指定緊急避難場所（地震発生時の一時避難場所）,住吉公園,宮崎市島之内境田6390-1,24000,0,131.449957,31.98101
指定緊急避難場所（地震発生時の一時避難場所）,麦田緑地広場,宮崎市新名爪麦田1415-4,500,0,131.444603,31.976431
指定緊急避難場所（地震発生時の一時避難場所）,萩の台公園,宮崎市広原7149,214000,0,131.431806,31.994098
指定緊急避難場所（地震発生時の一時避難場所）,生目南中学校グラウンド,宮崎市大字浮田662,13694,0,131.374801,31.923143
指定緊急避難場所（地震発生時の一時避難場所）,生目小学校グラウンド,宮崎市大字浮田2920,16652,0,131.371982,31.931937
指定緊急避難場所（地震発生時の一時避難場所）,生目中学校グラウンド,宮崎市大字跡江3131,14405,0,131.381274,31.931412
指定緊急避難場所（地震発生時の一時避難場所）,生目の杜運動公園,宮崎市大字跡江4461-1,354000,0,131.373513,31.944421
指定緊急避難場所（地震発生時の一時避難場所）,跡江公園,宮崎市跡江212,10800,0,131.391473,31.954915
指定緊急避難場所（地震発生時の一時避難場所）,瓜生野小学校グラウンド,宮崎市大字瓜生野2589,5467,0,131.387675,31.970148
指定緊急避難場所（地震発生時の一時避難場所）,宮崎北中学校グラウンド,宮崎市大字大瀬町247,9256,0,131.377472,31.962358
指定緊急避難場所（地震発生時の一時避難場所）,倉岡小学校グラウンド,宮崎市大字糸原538,11231,0,131.367424,31.962106
指定緊急避難場所（地震発生時の一時避難場所）,瓜生野街区公園,宮崎市瓜生野2365,2100,0,131.388924,31.969016
指定緊急避難場所（地震発生時の一時避難場所）,倉岡ニュータウン街区公園,宮崎市糸原2041-97,6400,0,131.36576,31.960796
指定緊急避難場所（地震発生時の一時避難場所）,久峰中学校グラウンド,宮崎市佐土原町下田島21341,22472,0,131.469084,32.022313
指定緊急避難場所（地震発生時の一時避難場所）,広瀬西小学校グラウンド,宮崎市佐土原町下那珂13384,14799,0,131.455935,32.014423
指定緊急避難場所（地震発生時の一時避難場所）,広瀬小学校グラウンド,宮崎市佐土原町下田島20308-10,10208,0,131.473023,32.015623
指定緊急避難場所（地震発生時の一時避難場所）,広瀬中学校グラウンド,宮崎市佐土原町下田島20305-12,18266,0,131.474765,32.017346
指定緊急避難場所（地震発生時の一時避難場所）,佐土原高校グラウンド,宮崎市佐土原町下田島21567,36188,0,131.466523,32.023152
指定緊急避難場所（地震発生時の一時避難場所）,佐土原小学校グラウンド,宮崎市佐土原町上田島1350-9,8734,0,131.428959,32.048837
指定緊急避難場所（地震発生時の一時避難場所）,佐土原中学校グラウンド,宮崎市佐土原町上田島8476,25343,0,131.422085,32.043441
指定緊急避難場所（地震発生時の一時避難場所）,宮本街区公園,宮崎市佐土原町下田島12217-1,6200,0,131.470814,32.037428
指定緊急避難場所（地震発生時の一時避難場所）,広瀬台街区公園,宮崎市佐土原町下田島20510-28,900,0,131.473943,32.021285
指定緊急避難場所（地震発生時の一時避難場所）,春田台街区公園,宮崎市佐土原町下田島20614-159,2400,0,131.472693,32.022675
指定緊急避難場所（地震発生時の一時避難場所）,小牧台キリン街区公園,宮崎市佐土原町下田島21619-147,600,0,131.46676,32.019582
指定緊急避難場所（地震発生時の一時避難場所）,曽我公園,宮崎市佐土原町下田島6601,3400,0,131.454219,32.039413
指定緊急避難場所（地震発生時の一時避難場所）,和田山街区公園,宮崎市佐土原町下那珂3958-2,1800,0,131.473617,32.010118
指定緊急避難場所（地震発生時の一時避難場所）,小牧台中央三角街区公園,宮崎市佐土原町下那珂4518-460,2600,0,131.468449,32.017261
指定緊急避難場所（地震発生時の一時避難場所）,光陽台中央街区公園,宮崎市佐土原町下那珂4750-333,2600,0,131.461368,32.016595
指定緊急避難場所（地震発生時の一時避難場所）,宮崎市久峰総合公園,宮崎市佐土原町下那珂13754,240000,0,131.461183,32.022483
指定緊急避難場所（地震発生時の一時避難場所）,前牟田街区公園,宮崎市佐土原町石崎1-8-4,1800,0,131.474361,32.00496
指定緊急避難場所（地震発生時の一時避難場所）,宝塔山公園,宮崎市佐土原町上田島水ヶ廻,68000,0,131.433215,32.045503
指定緊急避難場所（地震発生時の一時避難場所）,山の神公園,宮崎市佐土原町東上那珂13493-2,4400,0,131.439553,32.027481
指定緊急避難場所（地震発生時の一時避難場所）,石崎川ふれあい公園,宮崎市佐土原町東上那珂1414-3,28000,0,131.433214,32.02094
指定緊急避難場所（地震発生時の一時避難場所）,信成町公園,宮崎市佐土原町東上那珂14629,2100,0,131.429714,32.028063
指定緊急避難場所（地震発生時の一時避難場所）,テクノ中央公園,宮崎市佐土原町東上那珂16079-40,8500,0,131.422005,32.03558
指定緊急避難場所（地震発生時の一時避難場所）,田野小学校グラウンド,宮崎市田野町甲2856,8172,0,131.301781,31.837314
指定緊急避難場所（地震発生時の一時避難場所）,七野小学校グラウンド,宮崎市田野町乙3521-2,5741,0,131.276403,31.830922
指定緊急避難場所（地震発生時の一時避難場所）,田野中学校グラウンド,宮崎市田野町甲2826-3,9956,0,131.300843,31.835452
指定緊急避難場所（地震発生時の一時避難場所）,田野運動公園,宮崎市田野町乙9549,93000,0,131.307512,31.843808
指定緊急避難場所（地震発生時の一時避難場所）,一里山地区農村広場,宮崎市高岡町浦之名,5535,0,131.218584,31.946741
指定緊急避難場所（地震発生時の一時避難場所）,深水橋そばｹﾞｰﾄﾎﾞｰﾙ広場,宮崎市高岡町浦之名,1580,0,131.241727,31.953861
指定緊急避難場所（地震発生時の一時避難場所）,ｸﾞﾗｳﾝﾄﾞ(川口駐在所付近),宮崎市高岡町浦之名,6146,0,131.261529,31.94364
指定緊急避難場所（地震発生時の一時避難場所）,高岡交流ﾌﾟﾗｻﾞ多目的ｸﾞﾗｳﾝﾄﾞ,宮崎市高岡町浦之名4365-4,12100,0,131.265541,31.951997
指定緊急避難場所（地震発生時の一時避難場所）,旧去川小学校グラウンド,宮崎市高岡町内山3615-1,3147,0,131.228223,31.915819
指定緊急避難場所（地震発生時の一時避難場所）,和石公民館横ｹﾞｰﾄﾎﾞｰﾙ場,宮崎市高岡町内山,861,0,131.205731,31.909733
指定緊急避難場所（地震発生時の一時避難場所）,天ヶ城運動公園,宮崎市高岡町内山,187000,0,131.292789,31.960991
指定緊急避難場所（地震発生時の一時避難場所）,天ヶ城広場,宮崎市高岡町内山,19144,0,131.293382,31.961728
指定緊急避難場所（地震発生時の一時避難場所）,高岡中学校グラウンド,宮崎市高岡町内山2700,13664,0,131.299874,31.962235
指定緊急避難場所（地震発生時の一時避難場所）,丸山団地公園内,宮崎市高岡町飯田27,2757,0,131.304689,31.963031
指定緊急避難場所（地震発生時の一時避難場所）,高岡小学校グラウンド,宮崎市高岡町内山2900,8663,0,131.297269,31.95797
指定緊急避難場所（地震発生時の一時避難場所）,警察署近くｹﾞｰﾄﾎﾞｰﾙ場,宮崎市高岡町飯田,2353,0,131.303734,31.955779
指定緊急避難場所（地震発生時の一時避難場所）,飯田公民館前広場,宮崎市高岡町飯田,3316,0,131.292948,31.968728
指定緊急避難場所（地震発生時の一時避難場所）,小山田児童遊園地,宮崎市高岡町小山田,1247,0,131.322676,31.940056
指定緊急避難場所（地震発生時の一時避難場所）,祇園台第一街区公園,宮崎市高岡町下倉永1200-347,1500,0,131.3351,31.933085
指定緊急避難場所（地震発生時の一時避難場所）,祇園台第二街区公園,宮崎市高岡町下倉永1200-349,1500,0,131.332568,31.933099
指定緊急避難場所（地震発生時の一時避難場所）,祇園台第三街区公園,宮崎市高岡町下倉永1200-350,1800,0,131.332858,31.931178
指定緊急避難場所（地震発生時の一時避難場所）,上倉永児童遊園地,宮崎市高岡町上倉永1905,1735,0,131.33562,31.923177
指定緊急避難場所（地震発生時の一時避難場所）,穆佐小学校グラウンド,宮崎市高岡町小山田87-1,5471,0,131.328965,31.934211
指定避難所,サンスポーツランド高岡,宮崎市高岡町小山田3870,48,0,131.325743,31.935991
指定緊急避難場所（地震発生時の一時避難場所）,中央ふれあい広場,宮崎市高岡町五町265,3500,0,131.300037,31.9568
指定緊急避難場所（地震発生時の一時避難場所）,加納小学校グラウンド,宮崎市清武町加納甲1010,9366,0,131.38879,31.869949
指定緊急避難場所（地震発生時の一時避難場所）,加納中学校グラウンド,宮崎市清武町加納乙1040,24518,0,131.396424,31.87796
指定緊急避難場所（地震発生時の一時避難場所）,清武小学校グラウンド,宮崎市清武町今泉甲7023-1,6249,0,131.387949,31.854521
指定緊急避難場所（地震発生時の一時避難場所）,清武中学校グラウンド,宮崎市清武町今泉甲6980,10649,0,131.387713,31.853154
指定緊急避難場所（地震発生時の一時避難場所）,大久保小学校グラウンド,宮崎市清武町今泉甲5645,9168,0,131.362422,31.858179
指定緊急避難場所（地震発生時の一時避難場所）,木原公園,宮崎市清武町木原入料4136-1,61400,0,131.406715,31.835028
指定緊急避難場所（地震発生時の一時避難場所）,原ノ久保児童公園,宮崎市清武町今泉丙2671,2600,0,131.390272,31.849896
指定緊急避難場所（地震発生時の一時避難場所）,清武総合運動公園,宮崎市清武町今泉甲530,154600,0,131.369886,31.847218
指定緊急避難場所（地震発生時の一時避難場所）,正手１号児童公園,宮崎市清武町正手2-67,3400,0,131.386127,31.860335
指定緊急避難場所（地震発生時の一時避難場所）,新川街区公園,宮崎市清武町船引644-73,2700,0,131.391304,31.855517
指定緊急避難場所（地震発生時の一時避難場所）,加納公園,宮崎市清武町加納乙1047,79930,0,131.394196,31.876334
指定緊急避難場所（地震発生時の一時避難場所）,第２次池田台団地１号公園,宮崎市清武町加納甲1520-51,2800,0,131.396679,31.875823
指定緊急避難場所（地震発生時の一時避難場所）,第３次池田台団地１号公園,宮崎市清武町池田台29-2,6100,0,131.389437,31.878055
指定緊急避難場所（地震発生時の一時避難場所）,クリーン池田台１号公園,宮崎市清武町池田台北34-100,1400,0,131.394617,31.879826
指定緊急避難場所（地震発生時の一時避難場所）,クリーン池田台２号公園,宮崎市清武町池田台北29-215,2200,0,131.392122,31.881088
指定緊急避難場所（地震発生時の一時避難場所）,クリーン池田台３号公園,宮崎市清武町池田台北29-390,2200,0,131.388555,31.880906
指定緊急避難場所（地震発生時の一時避難場所）,クリーン池田台４号公園,宮崎市清武町池田台北29-397,1500,0,131.39036,31.877932
指定緊急避難場所（津波避難ビル）,宮崎空港旅客ターミナルビル,宮崎市赤江無番地（宮崎空港内）,4500,0,131.442054,31.872968
指定緊急避難場所（津波避難ビル）,セントヒルズマリーナ宮崎壱番館,宮崎市大字赤江1247,120,0,131.449468,31.882853
指定緊急避難場所（津波避難ビル）,セントヒルズマリーナ宮崎弐番館,宮崎市大字赤江１369,600,0,131.449689,31.883452
指定緊急避難場所（津波避難ビル）,コスタ飛江田,宮崎市大字赤江１556,75,0,131.444605,31.8863
指定緊急避難場所（津波避難ビル）,創価学会 宮崎平和会館,宮崎市城ヶ崎4丁目1-9,120,0,131.434033,31.897552
指定緊急避難場所（津波避難ビル）,リバーサイドマンション,宮崎市城ヶ崎4丁目1-18,120,0,131.43507,31.896846
指定緊急避難場所（津波避難ビル）,ほんごうマンション,宮崎市大字本郷南方4016,80,0,131.431268,31.864425
指定緊急避難場所（津波避難ビル）,介護老人保健施設ことぶき苑,宮崎市大字本郷北方4043-1,900,0,131.425927,31.865067
指定緊急避難場所（津波避難ビル）,恒久マンションアイリ,宮崎市恒久6丁目3-27,200,0,131.43998,31.892302
指定緊急避難場所（津波避難ビル）,サニーコート,宮崎市大字本郷北方1183,30,0,131.434896,31.886127
指定緊急避難場所（津波避難ビル）,サニーコートⅡ,宮崎市大字本郷北方1319-2,40,0,131.434867,31.885817
指定緊急避難場所（津波避難ビル）,ハイツひまわり,宮崎市大字田吉6241-1,200,0,131.44258,31.889262
指定緊急避難場所（津波避難ビル）,パームコートマンション,宮崎市大字田吉6269-1,150,0,131.443081,31.890723
指定緊急避難場所（津波避難ビル）,ライフピア瑞光苑,宮崎市大字本郷南方4046-2,90,0,131.432851,31.862202
指定緊急避難場所（津波避難ビル）,くどみ保育園,宮崎市大字郡司分2202-2,100,0,131.433237,31.854904
指定緊急避難場所（津波避難ビル）,シャトレ田吉,宮崎市城ヶ崎4丁目8-11,60,0,131.433786,31.895195
指定緊急避難場所（津波避難ビル）,シャトレ城ヶ崎,宮崎市城ヶ崎3丁目16-1,80,0,131.431365,31.896354
指定緊急避難場所（津波避難ビル）,ハートピュア宇和田,宮崎市城ヶ崎4丁目11-7,20,0,131.435113,31.895283
指定緊急避難場所（津波避難ビル）,メモリースリー,宮崎市恒久4丁目14-１,20,0,131.43353,31.894764
指定緊急避難場所（津波避難ビル）,日本アランダム㈱宮崎営業所,宮崎市恒久南3丁目4-2,50,0,131.430062,31.891061
指定緊急避難場所（津波避難ビル）,サンピュアネス,宮崎市城ヶ崎4丁目6-12,20,0,131.432655,31.895834
指定緊急避難場所（津波避難ビル）,ラ・フォンティーヌ,宮崎市城ヶ崎3丁目17-6,30,0,131.431618,31.896596
指定緊急避難場所（津波避難ビル）,城ヶ崎マンション,宮崎市恒久4丁目10-1,20,0,131.432314,31.89304
指定緊急避難場所（津波避難ビル）,河野内科呼吸器科医院,宮崎市恒久南3丁目214-10,40,0,131.430187,31.890596
指定緊急避難場所（津波避難ビル）,ドエルクシマ,宮崎市恒久南4丁目243-1,20,0,131.430481,31.890247
指定緊急避難場所（津波避難ビル）,バグースヒルズ,宮崎市大字本郷南方4191-1,20,0,131.43111,31.860618
指定緊急避難場所（津波避難ビル）,マンション ウッド・テック,宮崎市大字田吉6187-1,50,0,131.44031,31.889537
指定緊急避難場所（津波避難ビル）,押川コーポ,宮崎市恒久南2丁目14-11,50,0,131.423915,31.889944
指定緊急避難場所（津波避難ビル）,第3ヤヨイコーポ,宮崎市恒久南3丁目11-37,20,0,131.426197,31.89032
指定緊急避難場所（津波避難ビル）,本山ビル,宮崎市城ヶ崎2丁目17-5,90,0,131.429589,31.896619
指定緊急避難場所（津波避難ビル）,社団法人宮崎県トラック協会総合研修会館,宮崎市恒久1丁目7-21,200,0,131.425068,31.895288
指定緊急避難場所（津波避難ビル）,国富ホーム,宮崎市大字本郷南方5,20,0,131.434215,31.856582
指定緊急避難場所（津波避難ビル）,レ・ビラージュ,宮崎市大字田吉291-3,160,0,131.428806,31.882227
指定緊急避難場所（津波避難ビル）,リージェントマンション,宮崎市大字恒久997,40,0,131.426865,31.878824
指定緊急避難場所（津波避難ビル）,MAC城ヶ崎コート,宮崎市恒久6丁目1-8,200,0,131.43911,31.892651
指定緊急避難場所（津波避難ビル）,グランドパレス城ヶ崎,宮崎市恒久3丁目2-4,200,0,131.43113,31.89543
指定緊急避難場所（津波避難ビル）,クレシェンテ恒久,宮崎市恒久南3丁目12-17,20,0,131.427622,31.88989
指定緊急避難場所（津波避難ビル）,Comodo,宮崎市恒久南3丁目7-21,30,0,131.426735,31.891442
指定緊急避難場所（津波避難ビル）,JHCマンション,宮崎市恒久南2丁目9-11,30,0,131.424581,31.891625
指定緊急避難場所（津波避難ビル）,フラット横山,宮崎市恒久南3丁目10-25,30,0,131.427365,31.890504
指定緊急避難場所（津波避難ビル）,特別養護老人ホーム 城ヶ崎 小戸の家,宮崎市城ヶ崎3丁目3-3,100,0,131.43243,31.897938
指定緊急避難場所（津波避難ビル）,ケアヴィレッタ ナチュらいふ恒久,宮崎市大字恒久5314-5,100,0,131.412249,31.890773
指定緊急避難場所（津波避難ビル）,クリニック うしたに,宮崎市大字恒久5065,70,0,131.412324,31.889966
指定緊急避難場所（津波避難ビル）,月見ヶ丘教職員住宅 3棟,宮崎市月見ヶ丘4丁目314,100,0,131.416214,31.879527
指定緊急避難場所（津波避難ビル）,クレールマンション,宮崎市大字恒久4301-1,200,0,131.419045,31.890846
指定緊急避難場所（津波避難ビル）,小川マンションA棟,宮崎市城ヶ崎3丁目14-8,50,0,131.430827,31.896102
指定緊急避難場所（津波避難ビル）,小川マンションB棟,宮崎市城ヶ崎3丁目14-9,35,0,131.43099,31.896386
指定緊急避難場所（津波避難ビル）,パークサイド城ヶ崎,宮崎市恒久4丁目11-5,25,0,131.432807,31.893808
指定緊急避難場所（津波避難ビル）,ナーシェル,宮崎市城ヶ崎2丁目7-16,20,0,131.428673,31.897793
指定緊急避難場所（津波避難ビル）,県営住宅本郷南 7棟,宮崎市大字本郷南方4023,450,0,131.431493,31.86318
指定緊急避難場所（津波避難ビル）,県警職員宿舎恒久南職員住宅,宮崎市恒久南1丁目13-3,66,0,131.422499,31.891228
指定緊急避難場所（津波避難ビル）,県警職員宿舎恒久待機宿舎,宮崎市恒久南1丁目13-3,174,0,131.42277,31.890933
指定緊急避難場所（津波避難ビル）,市営住宅飛江田団地 16棟,宮崎市大字赤江409,912,0,131.43847,31.885615
指定緊急避難場所（津波避難ビル）,市営住宅立和原団地 2棟,宮崎市大字本郷南方2919-1,140,0,131.435285,31.865847
指定緊急避難場所（津波避難ビル）,市営住宅立和原団地 2棟,宮崎市大字本郷南方2919-1,140,0,131.435891,31.865861
指定緊急避難場所（津波避難ビル）,市営住宅立和原団地 2棟,宮崎市大字本郷南方3207,140,0,131.435285,31.865847
指定緊急避難場所（津波避難ビル）,市営住宅立和原団地 2棟,宮崎市大字本郷南方3207,140,0,131.435285,31.865847
指定緊急避難場所（津波避難ビル）,シーサイドエコー,宮崎市大字田吉字西前島1881-1,264,0,131.446664,31.890093
指定緊急避難場所（津波避難ビル）,松永組運送㈱,宮崎市大字田吉2478-4,20,0,131.452478,31.889829
指定緊急避難場所（津波避難ビル）,介護老人保健施設グリーンケア,宮崎市大字熊野470-2,150,0,131.438451,31.828188
指定緊急避難場所（津波避難ビル）,ゴールデンレイク,宮崎市大字加江田4514-2,100,0,131.445134,31.811519
指定緊急避難場所（津波避難ビル）,サンコーポくんぱち,宮崎市大字熊野642-1,30,0,131.436162,31.830499
指定緊急避難場所（津波避難ビル）,サンライズ MICHI,宮崎市大字熊野9964-3,15,0,131.431156,31.833646
指定緊急避難場所（津波避難ビル）,ジョイス,宮崎市大字熊野9932-1,30,0,131.432109,31.835043
指定緊急避難場所（津波避難ビル）,ガレージⅡ,宮崎市大字熊野498-1,50,0,131.437351,31.829427
指定緊急避難場所（津波避難ビル）,ホワイトスクエア,宮崎市大字熊野10363,30,0,131.438678,31.830935
指定緊急避難場所（津波避難ビル）,ドムス繪所,宮崎市大字熊野501?１,35,0,131.437246,31.829641
指定緊急避難場所（津波避難ビル）,ベルハイムエルステ,宮崎市大字熊野487?１,140,0,131.438446,31.829032
指定緊急避難場所（津波避難ビル）,ドムス澤田Ⅰ,宮崎市大字熊野607,40,0,131.434302,31.827767
指定緊急避難場所（津波避難ビル）,ドムス澤田Ⅱ,宮崎市大字熊野607,40,0,131.434233,31.82791
指定緊急避難場所（津波避難ビル）,宮崎県総合運動公園 サンマリンスタジアム,宮崎市大字熊野1443-12,17500,0,131.445901,31.830976
指定緊急避難場所（津波避難ビル）,グランマリン,宮崎市青島西1丁目6-15,150,0,131.458378,31.804702
指定緊急避難場所（津波避難ビル）,ドルフィン,宮崎市青島西1丁目6-13,150,0,131.458643,31.804534
指定緊急避難場所（津波避難ビル）,ロコビーチ,宮崎市青島1丁目75,500,0,131.46482,31.803277
指定緊急避難場所（津波避難ビル）,ラメールブルー,宮崎市青島西2丁目2-7,200,0,131.463738,31.801349
指定緊急避難場所（津波避難ビル）,あおしまの家,宮崎市青島4丁目6-3,150,0,131.469279,31.79612
指定緊急避難場所（津波避難ビル）,ANA ホリデイ・イン リゾート 宮崎,宮崎市青島1丁目16-1,100,0,131.461054,31.806101
指定緊急避難場所（津波避難ビル）,青島グランドホテル,宮崎市青島1丁目16-64,532,0,131.46631,31.803508
指定緊急避難場所（津波避難ビル）,道の駅フェニックス,宮崎市大字内海字三池381-1,120,0,131.478425,31.768983
指定緊急避難場所（津波避難ビル）,MY・エスポアール,宮崎市上田島3757?2,66,0,131.433126,32.052649
指定緊急避難場所（津波避難ビル）,久留米運送株式会社宮崎流通センター,宮崎市下田島4-18604,100,0,131.48571,32.019578
指定緊急避難場所（津波避難ビル）,EKビルⅡ,宮崎市下田島12220-3,75,0,131.469239,32.037433
指定緊急避難場所（津波避難ビル）,アビタシオン宮本,宮崎市下田島12219-40,128,0,131.468792,32.036411
指定緊急避難場所（津波避難ビル）,シーサイド石崎,宮崎市下那珂617-3,30,0,131.479961,32.00932
指定緊急避難場所（津波避難ビル）,GardenCityヴァンサンカン,宮崎市下那珂695-8,20,0,131.47911,32.007719
指定緊急避難場所（津波避難ビル）,BLUE CIEL,宮崎市下那珂1247,40,0,131.476332,32.003005
指定緊急避難場所（津波避難ビル）,サンフローラTM,宮崎市下田島9511-1,113,0,131.474461,32.025387
指定緊急避難場所（津波避難ビル）,サンフローラTMⅡ,宮崎市下田島9504,60,0,131.47434,32.025696
指定緊急避難場所（津波避難ビル）,サンフローラTMⅢ,宮崎市下田島9689-1,40,0,131.475599,32.025569
指定緊急避難場所（津波避難ビル）,県営住宅松小路A 3棟,宮崎市下田島9526-2,927,0,131.475251,32.026718
指定緊急避難場所（津波避難ビル）,ホンダロック 厚生棟,宮崎市佐土原町下那珂3700,200,0,131.473226,32.012183
指定緊急避難場所（津波避難ビル）,ホンダロック 試験棟,宮崎市佐土原町下那珂3700,100,0,131.473227,32.012179
指定緊急避難場所（津波避難ビル）,宮崎日本大学学園学生寮桜俊館,宮崎市大字新名爪1206,112,0,131.455058,31.976089
指定緊急避難場所（津波避難ビル）,県営住宅住吉北 7棟,宮崎市大字島之内11000,528,0,131.45972,31.990946
指定緊急避難場所（津波避難ビル）,ティープリモ権現町,宮崎市権現町81,120,0,131.432461,31.928915
指定緊急避難場所（津波避難ビル）,宮崎観光ホテル東館,宮崎市松山1丁目1-1,250,0,131.426774,31.905579
指定緊急避難場所（津波避難ビル）,TYⅡマンション,宮崎市江平中町1-10,80,0,131.427965,31.92074
指定緊急避難場所（津波避難ビル）,セ・ラ・ヴィ柳丸,宮崎市柳丸町120,250,0,131.434267,31.926076
指定緊急避難場所（津波避難ビル）,コアマンション柳丸,宮崎市柳丸町41,300,0,131.433292,31.928625
指定緊急避難場所（津波避難ビル）,ル・グラン柳丸,宮崎市柳丸町81-1,350,0,131.431596,31.92627
指定緊急避難場所（津波避難ビル）,県警職員宿舎吾妻職員宿舎,宮崎市吾妻町90,96,0,131.433102,31.904336
指定緊急避難場所（津波避難ビル）,アルカディア祇園,宮崎市祇園1丁目76,150,0,131.410176,31.92662
指定緊急避難場所（津波避難ビル）,コーポ霧島,宮崎市霧島2丁目152,60,0,131.413607,31.929888
指定緊急避難場所（津波避難ビル）,アムール霧島,宮崎市霧島2丁目93,90,0,131.413622,31.929268
指定緊急避難場所（津波避難ビル）,アドミラブール,宮崎市和知川原3丁目105-1,120,0,131.410263,31.925406
指定緊急避難場所（津波避難ビル）,UMK宮崎ビル,宮崎市大橋3丁目101-１,300,0,131.408951,31.920541
指定緊急避難場所（津波避難ビル）,グランピア大橋,宮崎市大橋3丁目137-１,70,0,131.406543,31.921638
指定緊急避難場所（津波避難ビル）,フローラルコート,宮崎市祗園3丁目174,100,0,131.412276,31.935776
指定緊急避難場所（津波避難ビル）,サーパス中津瀬,宮崎市中津瀬町85,150,0,131.418083,31.922766
指定緊急避難場所（津波避難ビル）,グランドヒルズ船塚,宮崎市船塚2丁目3,100,0,131.420671,31.927767
指定緊急避難場所（津波避難ビル）,アルテール,宮崎市和知川原2丁目137-1,200,0,131.411464,31.92517
指定緊急避難場所（津波避難ビル）,アスター丸山,宮崎市丸山2丁目31,350,0,131.42211,31.927774
指定緊急避難場所（津波避難ビル）,宮崎グリーンホテル,宮崎市大橋2丁目36-1,1200,0,131.411065,31.919517
指定緊急避難場所（津波避難ビル）,宮崎銀行文化公園共同住宅A棟,宮崎市船塚3丁目170,240,0,131.419419,31.932188
指定緊急避難場所（津波避難ビル）,宮崎銀行文化公園共同住宅B棟,宮崎市船塚3丁目171,350,0,131.41949,31.932408
指定緊急避難場所（津波避難ビル）,サーパス大橋,宮崎市大橋3丁目107-1,900,0,131.409544,31.920299
指定緊急避難場所（津波避難ビル）,グランドゥールシュウ,宮崎市和知川原1丁目71-2,155,0,131.413815,31.923703
指定緊急避難場所（津波避難ビル）,アンソレイエ A棟,宮崎市和知川原1丁目35-2,80,0,131.41401,31.923509
指定緊急避難場所（津波避難ビル）,アンソレイエ B棟,宮崎市和知川原1丁目35-1,100,0,131.413867,31.923302
指定緊急避難場所（津波避難ビル）,祗園保育園,宮崎市霧島2丁目216,150,0,131.412724,31.93086
指定緊急避難場所（津波避難ビル）,サーパス大橋第2,宮崎市大橋3丁目165-1,550,0,131.408949,31.921627
指定緊急避難場所（津波避難ビル）,フラワーコーポ,宮崎市東大宮2丁目1-23,50,0,131.434019,31.946972
指定緊急避難場所（津波避難ビル）,サンコート大島A,宮崎市大島町平原977-1-1,26,0,131.441854,31.935408
指定緊急避難場所（津波避難ビル）,サンコート大島B,宮崎市大島町平原977-1-2,26,0,131.441741,31.935174
指定緊急避難場所（津波避難ビル）,サンコート大島C,宮崎市大島町平原980,26,0,131.442134,31.934953
指定緊急避難場所（津波避難ビル）,ジュネシス大島A,宮崎市大島町平原966-1,13,0,131.441753,31.9348
指定緊急避難場所（津波避難ビル）,ジュネシス大島B,宮崎市大島町平原966-1-2,13,0,131.441704,31.934563
指定緊急避難場所（津波避難ビル）,ジュネシス大島C,宮崎市大島町平原989-1-1,6,0,131.442949,31.934127
指定緊急避難場所（津波避難ビル）,ジュネシス大島D,宮崎市大島町平原989-1-2,6,0,131.442906,31.933896
指定緊急避難場所（津波避難ビル）,市営住宅北ノ原団地 1棟,宮崎市大島町北ノ原1011,141,0,131.444686,31.93472
指定緊急避難場所（津波避難ビル）,公務員団地大塚住宅(1～3棟),宮崎市大塚町流合5056-1,300,0,131.4002,31.912325
指定緊急避難場所（津波避難ビル）,シャンテ長沼Ⅱ,宮崎市大塚町竹原2046-1,70,0,131.39634,31.918345
指定緊急避難場所（津波避難ビル）,サンマンション大塚,宮崎市大塚町窪田3272,231,0,131.396103,31.911937
指定緊急避難場所（津波避難ビル）,あさひ保育園,宮崎市大塚町八所3606-7,50,0,131.389043,31.914399
指定緊急避難場所（津波避難ビル）,県営住宅大塚A 6棟,宮崎市大塚町地蔵田4651,1263,0,131.393646,31.909724
指定緊急避難場所（津波避難ビル）,県営住宅大塚B 4棟,宮崎市大塚町馬場崎3563,320,0,131.394286,31.912713
指定緊急避難場所（津波避難ビル）,県営住宅大塚C 6棟,宮崎市大塚町乱橋4512,2440,0,131.391771,31.906068
指定緊急避難場所（津波避難ビル）,GREAT・S-7,宮崎市大塚町浜川田4912-1,50,0,131.395577,31.911381
指定緊急避難場所（津波避難ビル）,日高マンション,宮崎市大塚町窪田3321-4,40,0,131.395734,31.91397
指定緊急避難場所（津波避難ビル）,おおつかの杜 リハビリテーションふれあいセンター,宮崎市大塚町池ノ内1199,50,0,131.393707,31.923528
指定緊急避難場所（津波避難ビル）,リベラル一ツ葉マンション,宮崎市小戸町104-1,200,0,131.451646,31.901294
指定緊急避難場所（津波避難ビル）,イルパラッソ曽師,宮崎市吉村町曽師中甲3097-2,30,0,131.439257,31.90924
指定緊急避難場所（津波避難ビル）,サンジェルマンⅠ,宮崎市新城町23-2,50,0,131.440766,31.925816
指定緊急避難場所（津波避難ビル）,小川コーポ101,宮崎市吉村町下別府乙７-5,100,0,131.447543,31.909579
指定緊急避難場所（津波避難ビル）,小川コーポ102,宮崎市吉村町下別府乙6-10,40,0,131.44734,31.909355
指定緊急避難場所（津波避難ビル）,清野ビル,宮崎市日ノ出町46-1,100,0,131.448189,31.907129
指定緊急避難場所（津波避難ビル）,KIYONO第2ビル,宮崎市吉村町下別府乙19,50,0,131.446269,31.908513
指定緊急避難場所（津波避難ビル）,清水ハイツ,宮崎市一の宮町3,50,0,131.442819,31.907343
指定緊急避難場所（津波避難ビル）,押川マンション,宮崎市一の宮町45-1,100,0,131.445468,31.906608
指定緊急避難場所（津波避難ビル）,岩切ハイツ101,宮崎市日ノ出町33-2,60,0,131.447627,31.906006
指定緊急避難場所（津波避難ビル）,メゾン清水ハイツ,宮崎市一の宮町14,50,0,131.443311,31.906942
指定緊急避難場所（津波避難ビル）,エアフォルク,宮崎市日ノ出町141,50,0,131.450701,31.906592
指定緊急避難場所（津波避難ビル）,シーガイア・コンベンションセンター,宮崎市山崎町浜山,1500,0,131.470089,31.96024
指定緊急避難場所（津波避難ビル）,宮崎善仁会病院,宮崎市新別府町江口950,250,0,131.45322,31.921784
指定緊急避難場所（津波避難ビル）,第一ビル管理,宮崎市吉村町大町甲1990,220,0,131.440003,31.915538
指定緊急避難場所（津波避難ビル）,野中建設ビル,宮崎市出来島町14-1,60,0,131.439533,31.901524
指定緊急避難場所（津波避難ビル）,野中マンション,宮崎市出来島町193-5,60,0,131.438499,31.901072
指定緊急避難場所（津波避難ビル）,ユーミーハイツ,宮崎市出来島町21,70,0,131.438217,31.902973
指定緊急避難場所（津波避難ビル）,第2ユーミーハイツ,宮崎市出来島町18-2,40,0,131.438533,31.902828
指定緊急避難場所（津波避難ビル）,コーポ雅,宮崎市出来島町43-2,30,0,131.437096,31.903113
指定緊急避難場所（津波避難ビル）,アメニティ谷口,宮崎市出来島町111-1,12,0,131.435823,31.903323
指定緊急避難場所（津波避難ビル）,NAビル,宮崎市吉村町上西中甲1387-6,70,0,131.442226,31.920284
指定緊急避難場所（津波避難ビル）,カームプレイス,宮崎市吉村町上西中甲1386-8,70,0,131.442588,31.920495
指定緊急避難場所（津波避難ビル）,ぐらんしゅうる・A,宮崎市吉村町上西中甲1382-2,50,0,131.442741,31.919783
指定緊急避難場所（津波避難ビル）,プランドール井之上,宮崎市吉村町長田甲2374-2,30,0,131.447028,31.910919
指定緊急避難場所（津波避難ビル）,ユタカビル,宮崎市稗原町1-1,10,0,131.447904,31.90754
指定緊急避難場所（津波避難ビル）,県民共済ビル,宮崎市宮脇町127-1,100,0,131.437815,31.915542
指定緊急避難場所（津波避難ビル）,クリオ90,宮崎市大王町59,100,0,131.439997,31.906608
指定緊急避難場所（津波避難ビル）,ピーチフローレⅠ,宮崎市吉村町北中甲1228,30,0,131.448636,31.91837
指定緊急避難場所（津波避難ビル）,ピーチフローレⅡ,宮崎市吉村町北中甲1225,40,0,131.448623,31.918091
指定緊急避難場所（津波避難ビル）,ピーチフローレⅢ,宮崎市吉村町北中甲1234-5,85,0,131.448101,31.918291
指定緊急避難場所（津波避難ビル）,ピーチフローレⅤ,宮崎市吉村町北中甲1237,40,0,131.447292,31.918167
指定緊急避難場所（津波避難ビル）,M'sフローリッシュ,宮崎市吉村町南田甲1058-1他1筆（仮換地 47街区1）,300,0,131.450742,31.918092
指定緊急避難場所（津波避難ビル）,サンライズ西中,宮崎市吉村町西中甲1328-1,35,0,131.444694,31.915691
指定緊急避難場所（津波避難ビル）,Brook's Square Ⅱ,宮崎市吉村町下藪甲4353-2（仮換地61街区?A）,264,0,131.451144,31.914359
指定緊急避難場所（津波避難ビル）,医療法人 尚成会 近間病院,宮崎市山崎町965-6,50,0,131.458833,31.947285
指定緊急避難場所（津波避難ビル）,ラグゼ一ツ葉,宮崎市山崎町浜山,2332,0,131.466894,31.935254
指定緊急避難場所（津波避難ビル）,ルミエール吉村A棟,宮崎市吉村町引土甲624,110,0,131.439742,31.922647
指定緊急避難場所（津波避難ビル）,ルミエール吉村B棟,宮崎市吉村町引土甲624,110,0,131.439831,31.92291
指定緊急避難場所（津波避難ビル）,宮崎県水産会館,宮崎市港2丁目6,500,0,131.456751,31.90583
指定緊急避難場所（津波避難ビル）,ラーバンハイツ,宮崎市高洲町228-2,180,0,131.44233,31.901577
指定緊急避難場所（津波避難ビル）,介護付有料老人ホームソフトタウン高洲,宮崎市高洲町235-3,93,0,131.441342,31.901034
指定緊急避難場所（津波避難ビル）,ウィークリーマンション サンシーズ,宮崎市高洲町14-6,860,0,131.449694,31.89939
指定緊急避難場所（津波避難ビル）,オメガシティー宮崎Ⅰ,宮崎市高洲町107,360,0,131.447341,31.900026
指定緊急避難場所（津波避難ビル）,エラン宮崎Ⅰ番館,宮崎市田代町179-1,410,0,131.450124,31.904183
指定緊急避難場所（津波避難ビル）,エラン宮崎Ⅱ番館,宮崎市田代町179-3,410,0,131.449858,31.90401
指定緊急避難場所（津波避難ビル）,シティーウイング,宮崎市高洲町66-6,95,0,131.446066,31.898827
指定緊急避難場所（津波避難ビル）,リバーサイド高洲,宮崎市高洲町302-4,60,0,131.444738,31.899138
指定緊急避難場所（津波避難ビル）,マンション津守Ⅱ,宮崎市高洲町138-2,100,0,131.446078,31.900325
指定緊急避難場所（津波避難ビル）,コスタ吉村,宮崎市吉村町寺ノ下甲2290,180,0,131.447342,31.913561
指定緊急避難場所（津波避難ビル）,マンション児玉,宮崎市高洲町133-1,180,0,131.445736,31.899693
指定緊急避難場所（津波避難ビル）,サン・トール,宮崎市一の宮町56-1,120,0,131.446147,31.907216
指定緊急避難場所（津波避難ビル）,日ノ出マンション,宮崎市日ノ出町45-1,120,0,131.447522,31.907334
指定緊急避難場所（津波避難ビル）,公務員住宅 潮見住宅 （１～3号棟）,宮崎市潮見町110-1,275,0,131.439117,31.903281
指定緊急避難場所（津波避難ビル）,公務員住宅 潮見西住宅,宮崎市潮見町16-2,65,0,131.43692,31.905338
指定緊急避難場所（津波避難ビル）,公務員住宅 昭和住宅,宮崎市昭和町１,148,0,131.434428,31.91133
指定緊急避難場所（津波避難ビル）,S・ASAGIRI,宮崎市昭栄町113 他3筆（仮換地123街区?E）,90,0,131.454581,31.914269
指定緊急避難場所（津波避難ビル）,マンションリヴレ,宮崎市高洲町268-10,340,0,131.442704,31.899698
指定緊急避難場所（津波避難ビル）,マンションセゾン,宮崎市田代町8,496,0,131.448127,31.904939
指定緊急避難場所（津波避難ビル）,グランドパレス青葉,宮崎市吉村町北原甲1476-1,270,0,131.441165,31.921645
指定緊急避難場所（津波避難ビル）,㈱マルハン宮崎店 立体駐車場,宮崎市吉村町内柿元甲1066 外,4800,0,131.450529,31.917431
指定緊急避難場所（津波避難ビル）,県営住宅青葉 3棟,宮崎市吉村町境目甲1488-1,2600,0,131.439075,31.9223
指定緊急避難場所（津波避難ビル）,県警職員宿舎飛翔独身寮,宮崎市吉村町下り松甲2461,198,0,131.43848,31.922692
指定緊急避難場所（津波避難ビル）,県警職員宿舎吉村職員宿舎,宮崎市吉村町西田甲682,158,0,131.442181,31.922551
指定緊急避難場所（津波避難ビル）,宮崎県総合自動車運転免許センター,宮崎市阿波岐原町前浜4276-5,1899,0,131.461467,31.930686
指定緊急避難場所（津波避難ビル）,市営住宅一の宮団地 1棟,宮崎市一の宮町30-1,277,0,131.444369,31.906802
指定緊急避難場所（津波避難ビル）,市営住宅南窪団地 3棟,宮崎市大島町南窪874,144,0,131.445443,31.933363
指定緊急避難場所（津波避難ビル）,イオンモール宮崎,宮崎市新別府町江口862-1,38500,0,131.455882,31.92297
指定緊急避難場所（津波避難ビル）,宮崎県生コンクリート工業組合 技術研修センター,宮崎市新別府町薦藁1948,270,0,131.458196,31.923806
指定緊急避難場所（津波避難ビル）,センチュリーコート8番館,宮崎市昭栄町127外,425,0,131.453558,31.915165
指定緊急避難場所（津波避難ビル）,ラヴィドール,宮崎市新栄町64外,35,0,131.453412,31.909071
指定緊急避難場所（津波避難ビル）,エアフォルクⅢ,宮崎市新栄町113外,38,0,131.454302,31.907837
指定緊急避難場所（津波避難ビル）,昭和町Nビル,宮崎市昭和町76-2,106,0,131.436487,31.909005
指定緊急避難場所（津波避難ビル）,シャンテ一の宮,宮崎市一の宮町79,26,0,131.444864,31.906136
指定緊急避難場所（津波避難ビル）,アレグリア,宮崎市田代町87-1,106,0,131.447426,31.902891
指定緊急避難場所（津波避難ビル）,リーノ壱番館,宮崎市田代町116-1,115,0,131.446469,31.902219
指定緊急避難場所（津波避難ビル）,アミリアコート,宮崎市吉村町今村甲4188-16他,60,0,131.449534,31.914066
指定緊急避難場所（津波避難ビル）,ファミリア Odo,宮崎市小戸町83-１,65,0,131.45385,31.904012
指定緊急避難場所（津波避難ビル）,ウエストコーストⅢ,宮崎市大王町96,64,0,131.441882,31.907415
指定緊急避難場所（津波避難ビル）,コーラルリーフ,宮崎市中西町137-12、137-14,23,0,131.442743,31.902594
指定緊急避難場所（津波避難ビル）,ロイヤル末広,宮崎市末広2丁目35,200,0,131.413029,31.914537
指定緊急避難場所（津波避難ビル）,TIPマンション,宮崎市橘通西1丁目5-30,120,0,131.420339,31.90968
指定緊急避難場所（津波避難ビル）,宮崎医療センター病院,宮崎市高松町2-16,200,0,131.418866,31.913723
指定緊急避難場所（津波避難ビル）,県営住宅小戸 4棟,宮崎市鶴島3丁目159,2068,0,131.409578,31.914703
指定緊急避難場所（津波避難ビル）,市営住宅鶴島団地 1棟,宮崎市鶴島3丁目91,170,0,131.408927,31.912496
指定緊急避難場所（津波避難ビル）,市営住宅小戸団地 3棟,宮崎市鶴島3丁目125,96,0,131.410757,31.914283
指定緊急避難場所（津波避難ビル）,宿さつま荘,宮崎市太田3丁目6-9,200,0,131.422442,31.900248
指定緊急避難場所（津波避難ビル）,グリーンハイツ奥野,宮崎市太田2丁目3-6,20,0,131.422009,31.901793
指定緊急避難場所（津波避難ビル）,藤井第2ビル,宮崎市太田4丁目1-41,30,0,131.420006,31.898419
指定緊急避難場所（津波避難ビル）,ライフシティ谷川,宮崎市谷川１丁目4-22,25,0,131.415268,31.903511
指定緊急避難場所（津波避難ビル）,ワコ-ハイツ,宮崎市太田4丁目3-1,40,0,131.420562,31.897501
指定緊急避難場所（津波避難ビル）,長友ビル,宮崎市太田4丁目2-22,35,0,131.4197,31.897447
指定緊急避難場所（津波避難ビル）,第2サンハイツ,宮崎市太田4丁目3-30,20,0,131.420533,31.897299
指定緊急避難場所（津波避難ビル）,村上屋ビル,宮崎市中村東2丁目3-11,40,0,131.419218,31.899332
指定緊急避難場所（津波避難ビル）,ビジネスホテル有明,宮崎市中村東2丁目5-16,50,0,131.418889,31.897953
指定緊急避難場所（津波避難ビル）,アカネアネックス宮崎,宮崎市太田3丁目3-10,40,0,131.420779,31.899178
指定緊急避難場所（津波避難ビル）,MTKBLD,宮崎市大淀1丁目5-10,140,0,131.42509,31.900821
指定緊急避難場所（津波避難ビル）,パワーステージ中村,宮崎市中村東2丁目4-3,140,0,131.418584,31.898866
指定緊急避難場所（津波避難ビル）,ヴェルデクス大淀河畔,宮崎市福島町3丁目94-1,30,0,131.405872,31.907611
指定緊急避難場所（津波避難ビル）,県営住宅源藤 5棟,宮崎市源藤町原田318-1,444,0,131.417768,31.888614
指定緊急避難場所（津波避難ビル）,市営住宅大淀団地 1棟,宮崎市大淀1丁目1-24,337,0,131.423766,31.901
指定緊急避難場所（津波避難ビル）,潤和会記念病院,宮崎市大字小松1119,1118,0,131.403352,31.935352
指定緊急避難場所（津波避難ビル）,リリービラⅠ,宮崎市佐土原町下田島19664-1,150,0,131.48014,32.01394
指定緊急避難場所（津波避難ビル）,アンシャンテ・S,宮崎市新栄町63,158,0,131.453153,31.909528
指定緊急避難場所（津波避難ビル）,ヴィラ プレポール,宮崎市昭栄町86-2,33,0,131.45497,31.911835
指定緊急避難場所（津波避難ビル）,ケイアイビル,宮崎市中西町193-1,31,0,131.445531,31.904199
指定緊急避難場所（津波避難ビル）,ユーミーなでしこA・B,宮崎市中西町107-1,12,0,131.443694,31.90312
指定緊急避難場所（津波避難ビル）,フジマンション,宮崎市中西町276,31,0,131.445082,31.901587
指定緊急避難場所（津波避難ビル）,二ツ立避難タワー,宮崎市佐土原町下田島15165-1(二ツ立神社内),200,0,131.492742,32.037826
指定緊急避難場所（津波避難ビル）,蛎原避難タワー,宮崎市郡司分字内蛎原甲5227-36(沖江神社内),200,0,131.447836,31.845973
指定緊急避難場所（津波避難ビル）,コアマンション大塚,宮崎市大塚町正市5590-1,385,0,131.400793,31.917828
指定緊急避難場所（津波避難ビル）,コアマンション大塚Ⅱ,宮崎市大塚町水流5188-2,335,0,131.402643,31.911007
指定緊急避難場所（津波避難ビル）,ＨＯＴＥＬ AZ 宮崎佐土原店,宮崎市佐土原町松小路7-8,270,0,131.476456,32.022278
指定緊急避難場所（津波避難ビル）,あおしま優亜館(新館),宮崎市大字加江田4910,68,0,131.454521,31.812875
指定避難所兼指定緊急避難場所,宮崎市広瀬地区交流センター,宮崎市佐土原町下那珂2940-82,418,0,131.47268,32.001564
指定緊急避難場所（津波避難ビル）,Calna Court,宮崎市松橋1丁目16-11,150,0,131.416272,31.910943
指定緊急避難場所（津波避難ビル）,住宅型有料老人ホームいちごの里 柳丸,宮崎市新城町44,309,0,131.438687,31.926283
指定緊急避難場所（津波避難ビル）,サンローズ,宮崎市吉村町北中甲1267-1,42,0,131.446001,31.915345
指定緊急避難場所（津波避難ビル）,宮交シティ,宮崎市大淀4丁目6番地28,541,0,131.419557,31.894657
指定緊急避難場所（津波避難ビル）,独立行政法人国立病院機構宮崎東病院,宮崎市大字田吉4374番1,805,0,131.445103,31.869305
指定緊急避難場所（津波避難ビル）,青島地域総合センター,宮崎市青島西２丁目１番地,540,0,131.462231,31.801717
指定緊急避難場所（津波避難ビル）,イオン南宮崎店,宮崎市大淀4丁目7番30号,8858,0,131.419353,31.895429
指定緊急避難場所（津波避難ビル）,シルバーバック宮崎昭栄店立体駐車場,宮崎市昭栄町31番,1411,0,131.453808,31.913408
指定緊急避難場所（津波避難ビル）,福島保育所,宮崎市佐土原町下田島14232,283,0,131.477917,32.041878
指定避難所兼指定緊急避難場所,島山地区複合型津波避難施設,宮崎市大字熊野1374番地43,63,0,131.444215,31.822846
指定避難所兼指定緊急避難場所,宮崎市加納地区交流センター,宮崎市清武町加納乙1047番地,430,0,131.393604,31.875355
指定避難所兼指定緊急避難場所,宮崎液化ガス 宮崎事業部,宮崎市大字赤江飛江田868番13,40,0,131.445809,31.881363
指定緊急避難場所（地震発生時の一時避難場所）,株式会社 共立電機製作所（地震時の一時避難場所）,宮崎市高岡町高浜1495番地55,300,0,131.296693,31.942374
指定避難所兼指定緊急避難場所,宮崎市青島地区交流センター,宮崎市青島西2丁目1番地,544,0,131.462231,31.801717
指定避難所兼指定緊急避難場所,宮崎市佐土原地域福祉センター,宮崎市佐土原町東上那珂12948番地1,47,0,131.433782,32.021192
指定避難所兼指定緊急避難場所,宮崎県自治会館,宮崎市宮田町1番8号,157,0,131.424708,31.911276
指定避難所兼指定緊急避難場所,古城老人いこいの家,宮崎市古城町孫太郎2494,40,0,131.374612,31.886009
指定避難所兼指定緊急避難場所,金吹山自治公民館,宮崎市大字芳士字大原3701番地53,80,0,131.458852,31.967641
指定緊急避難場所（地震発生時の一時避難場所）,山元リハビリテーションクリニック裏,宮崎市加江田4514-1,1000,0,131.446071,31.810506
指定緊急避難場所（津波発生時の一時避難場所）,青島9区一時避難場所,宮崎市青島6丁目192番地 外,122,0,131.471994,31.790857
指定緊急避難場所（津波発生時の一時避難場所）,青島10区一時避難場所,宮崎市大字折生迫6938番地2 外,50,0,131.477804,31.785847
指定緊急避難場所（津波発生時の一時避難場所）,青島18区一時避難場所,宮崎市大字内海2183番地2 外,120,0,131.465702,31.761559
指定緊急避難場所（津波発生時の一時避難場所）,宮崎港津波避難施設（避難高台）東地区・南,,1287,0,131.463959,31.898833
指定緊急避難場所（津波発生時の一時避難場所）,宮崎港津波避難施設（避難高台）東地区・北,,378,0,131.465021,31.904952
指定緊急避難場所（津波発生時の一時避難場所）,一般国道220号宮崎市内海地区緊急避難階段施設,,251,0,131.471468,31.761191
指定緊急避難場所（地震発生時の一時避難場所）,大塚台2号街区公園,宮崎市大塚台西1丁目15-1,2713,0,131.38169,31.920152
指定緊急避難場所（地震発生時の一時避難場所）,希望ヶ丘2号街区公園,宮崎市希望ヶ丘4丁目250 外,4113,0,131.4207,31.859209
指定緊急避難場所（津波避難ビル）,グリーンヒル広島通り,宮崎市広島2丁目8-30,1755,0,131.428929,31.913138
指定緊急避難場所（津波避難ビル）,サーパス柳丸イーストガーデン,宮崎市新城町1-1,438,0,131.437845,31.925268
指定緊急避難場所（地震発生時の一時避難場所）,国富ヶ丘児童遊園,宮崎市大字本郷南方4563-1 国富ヶ丘自治公民館北側,660,0,131.428149,31.856247
指定緊急避難場所（津波避難ビル）,県営花ヶ島団地 5棟,宮崎市大字芳士933番地,3012,0,131.442046,31.962006
指定緊急避難場所（津波避難ビル）,県営花ヶ島東団地 7棟,宮崎市大字芳士祝田1077番地1,80,0,131.443355,31.961615
指定避難所,宮崎市穆佐体育館,高岡町小山田973,252,0,131.326399,31.933552
指定避難所兼指定緊急避難場所,株式会社 共立電機製作所,宮崎市高岡町高浜1495番地55,300,0,131.297273,31.942019
指定緊急避難場所（地震発生時の一時避難場所）,サンスポーツランド高岡（地震時の一時避難場所）,宮崎市高岡町小山田3870,31790,0,131.325743,31.935991
指定緊急避難場所（津波避難ビル）,オーパス宮崎本店 立体駐車場,宮崎駅東3-9-11,16595,0,131.43181,31.919411
指定緊急避難場所（津波避難ビル）,Catalina APT,堀川町27番地1,189,0,131.433647,31.91067
指定緊急避難場所（地震発生時の一時避難場所）,小松1号街区公園,宮崎市小松台北町15-4,2312,0,131.393475,31.935485
指定緊急避難場所（地震発生時の一時避難場所）,小松2号街区公園,宮崎市小松台北町40-1,4171,0,131.396252,31.935667
指定緊急避難場所（地震発生時の一時避難場所）,木花台3号街区公園,宮崎市学園木花台3丁目5-5,2038,0,131.424069,31.83081
指定緊急避難場所（地震発生時の一時避難場所）,木花台2号街区公園,宮崎市学園木花台北1丁目3-1,1998,0,131.429932,31.833462
